UserID,lat,lon,POI_type,timestamp,poi_id
user_0000,35.669594,139.696273,convenience store,2023-01-01 08:10:00,poi_0038
user_0000,35.675542,139.693587,office,2023-01-01 09:10:00,poi_0048
user_0000,35.691484,139.695898,office,2023-01-01 10:00:00,poi_0024
user_0000,35.693441,139.701713,convenience store,2023-01-01 12:00:00,poi_0006
user_0000,35.729584,139.673753,workplace,2023-01-01 14:40:00,poi_0049
user_0000,35.728702,139.674107,workplace,2023-01-01 16:30:00,poi_0049
user_0000,35.729455,139.673523,workplace,2023-01-01 17:30:00,poi_0049
user_0000,35.711826,139.691916,subway,2023-01-01 19:10:00,poi_0013
user_0000,35.700185,139.678099,convenience store,2023-01-01 20:10:00,poi_0008
user_0000,35.699643,139.678578,convenience store,2023-01-01 20:50:00,poi_0008
user_0000,35.699574,139.676991,convenience store,2023-01-01 22:40:00,poi_0008
user_0000,35.668266,139.696256,convenience store,2023-01-02 07:30:00,poi_0038
user_0000,35.668138,139.696541,convenience store,2023-01-02 08:00:00,poi_0038
user_0000,35.69249,139.700535,convenience store,2023-01-02 08:40:00,poi_0006
user_0000,35.696152,139.703443,workplace,2023-01-02 09:10:00,poi_0027
user_0000,35.692661,139.701977,convenience store,2023-01-02 12:10:00,poi_0006
user_0000,35.689942,139.696331,office,2023-01-02 15:00:00,poi_0024
user_0000,35.69268,139.696578,office,2023-01-02 16:50:00,poi_0024
user_0000,35.690662,139.691958,train station,2023-01-02 18:10:00,poi_0012
user_0000,35.698693,139.679012,convenience store,2023-01-02 21:40:00,poi_0008
user_0000,35.710765,139.692532,subway,2023-01-03 08:40:00,poi_0013
user_0000,35.653473,139.665915,convenience store,2023-01-03 08:50:00,poi_0040
user_0000,35.676488,139.693963,office,2023-01-03 10:10:00,poi_0048
user_0000,35.681303,139.698861,convenience store,2023-01-03 12:40:00,poi_0007
user_0000,35.684294,139.700817,office,2023-01-03 13:20:00,poi_0025
user_0000,35.684053,139.700451,office,2023-01-03 14:20:00,poi_0025
user_0000,35.683905,139.700131,office,2023-01-03 17:20:00,poi_0025
user_0000,35.689973,139.691285,train station,2023-01-03 18:50:00,poi_0012
user_0000,35.726854,139.706357,apartment,2023-01-03 20:50:00,poi_0016
user_0000,35.725771,139.706398,apartment,2023-01-03 22:50:00,poi_0016
user_0000,35.670117,139.696117,convenience store,2023-01-04 07:00:00,poi_0038
user_0000,35.675616,139.694828,office,2023-01-04 11:10:00,poi_0048
user_0000,35.680645,139.699209,convenience store,2023-01-04 12:50:00,poi_0007
user_0000,35.682939,139.699809,office,2023-01-04 13:00:00,poi_0025
user_0000,35.684312,139.699927,office,2023-01-04 15:30:00,poi_0025
user_0000,35.729076,139.67321,workplace,2023-01-04 17:30:00,poi_0049
user_0000,35.711617,139.691656,subway,2023-01-04 18:20:00,poi_0013
user_0000,35.712678,139.691406,subway,2023-01-04 18:40:00,poi_0013
user_0000,35.71152,139.692134,subway,2023-01-04 19:30:00,poi_0013
user_0000,35.654071,139.666368,convenience store,2023-01-04 21:20:00,poi_0040
user_0000,35.668649,139.696145,convenience store,2023-01-05 08:10:00,poi_0038
user_0000,35.698836,139.677743,convenience store,2023-01-05 08:30:00,poi_0008
user_0000,35.703867,139.697036,office,2023-01-05 09:30:00,poi_0026
user_0000,35.691149,139.695779,office,2023-01-05 10:50:00,poi_0024
user_0000,35.691568,139.696507,office,2023-01-05 11:20:00,poi_0024
user_0000,35.694061,139.701385,convenience store,2023-01-05 12:30:00,poi_0006
user_0000,35.658813,139.701055,restaurant,2023-01-05 12:40:00,poi_0045
user_0000,35.697003,139.701655,workplace,2023-01-05 15:50:00,poi_0027
user_0000,35.690225,139.690991,train station,2023-01-05 18:30:00,poi_0012
user_0000,35.693383,139.701304,convenience store,2023-01-05 22:00:00,poi_0006
user_0000,35.690697,139.691508,train station,2023-01-06 08:40:00,poi_0012
user_0000,35.691232,139.690476,train station,2023-01-06 08:40:00,poi_0012
user_0000,35.69046,139.695113,office,2023-01-06 10:20:00,poi_0024
user_0000,35.691881,139.69616,office,2023-01-06 11:40:00,poi_0024
user_0000,35.715386,139.696024,cafe,2023-01-06 12:10:00,poi_0005
user_0000,35.714853,139.695343,cafe,2023-01-06 12:30:00,poi_0005
user_0000,35.704764,139.696183,office,2023-01-06 13:50:00,poi_0026
user_0000,35.704515,139.695322,office,2023-01-06 16:10:00,poi_0026
user_0000,35.729225,139.672923,workplace,2023-01-06 17:50:00,poi_0049
user_0000,35.660553,139.708009,supermarket,2023-01-06 19:20:00,poi_0042
user_0000,35.658228,139.718262,apartment,2023-01-06 21:10:00,poi_0017
user_0000,35.658848,139.718267,apartment,2023-01-06 21:10:00,poi_0017
user_0000,35.65858,139.717267,apartment,2023-01-06 22:00:00,poi_0017
user_0000,35.711755,139.692464,subway,2023-01-07 07:30:00,poi_0013
user_0000,35.711562,139.691486,subway,2023-01-07 07:50:00,poi_0013
user_0000,35.712005,139.692499,subway,2023-01-07 08:10:00,poi_0013
user_0000,35.703892,139.69544,office,2023-01-07 09:20:00,poi_0026
user_0000,35.704599,139.695927,office,2023-01-07 09:40:00,poi_0026
user_0000,35.704348,139.695771,office,2023-01-07 11:40:00,poi_0026
user_0000,35.729544,139.682292,convenience store,2023-01-07 12:10:00,poi_0039
user_0000,35.696307,139.702614,workplace,2023-01-07 14:30:00,poi_0027
user_0000,35.697514,139.70263,workplace,2023-01-07 17:50:00,poi_0027
user_0000,35.690938,139.692584,train station,2023-01-07 19:30:00,poi_0012
user_0000,35.693477,139.701361,convenience store,2023-01-07 20:10:00,poi_0006
user_0000,35.653149,139.666282,convenience store,2023-01-07 21:50:00,poi_0040
user_0000,35.653795,139.665866,convenience store,2023-01-07 22:20:00,poi_0040
user_0000,35.653499,139.666504,convenience store,2023-01-08 07:50:00,poi_0040
user_0000,35.729408,139.682825,convenience store,2023-01-08 08:00:00,poi_0039
user_0000,35.72949,139.681845,convenience store,2023-01-08 08:50:00,poi_0039
user_0000,35.729364,139.673729,workplace,2023-01-08 10:00:00,poi_0049
user_0000,35.729189,139.673273,workplace,2023-01-08 10:10:00,poi_0049
user_0000,35.729183,139.672606,workplace,2023-01-08 10:50:00,poi_0049
user_0000,35.72893,139.682312,convenience store,2023-01-08 12:20:00,poi_0039
user_0000,35.729603,139.672142,workplace,2023-01-08 16:30:00,poi_0049
user_0000,35.660892,139.707153,supermarket,2023-01-08 19:40:00,poi_0042
user_0000,35.652369,139.732219,residential,2023-01-08 21:10:00,poi_0050
user_0000,35.652812,139.731602,residential,2023-01-08 21:30:00,poi_0050
user_0000,35.668897,139.696215,convenience store,2023-01-09 07:30:00,poi_0038
user_0000,35.674662,139.693438,office,2023-01-09 09:40:00,poi_0048
user_0000,35.675618,139.693491,office,2023-01-09 10:40:00,poi_0048
user_0000,35.675939,139.693435,office,2023-01-09 10:50:00,poi_0048
user_0000,35.680369,139.699435,convenience store,2023-01-09 12:20:00,poi_0007
user_0000,35.680774,139.697741,convenience store,2023-01-09 12:20:00,poi_0007
user_0000,35.68194,139.699671,office,2023-01-09 13:40:00,poi_0025
user_0000,35.683518,139.699493,office,2023-01-09 17:00:00,poi_0025
user_0000,35.690744,139.690869,train station,2023-01-09 18:00:00,poi_0012
user_0000,35.69013,139.6915,train station,2023-01-09 18:00:00,poi_0012
user_0000,35.694802,139.719374,subway,2023-01-09 19:30:00,poi_0015
user_0000,35.693154,139.701564,convenience store,2023-01-09 22:30:00,poi_0006
user_0000,35.668879,139.696202,convenience store,2023-01-10 07:30:00,poi_0038
user_0000,35.675471,139.693016,office,2023-01-10 09:50:00,poi_0048
user_0000,35.675864,139.692705,office,2023-01-10 10:30:00,poi_0048
user_0000,35.676767,139.69466,office,2023-01-10 10:40:00,poi_0048
user_0000,35.680662,139.698524,convenience store,2023-01-10 12:20:00,poi_0007
user_0000,35.69044,139.696175,office,2023-01-10 13:00:00,poi_0024
user_0000,35.696539,139.702085,workplace,2023-01-10 15:50:00,poi_0027
user_0000,35.729339,139.674242,workplace,2023-01-10 16:30:00,poi_0049
user_0000,35.71183,139.691556,subway,2023-01-10 18:50:00,poi_0013
user_0000,35.707443,139.712132,supermarket,2023-01-10 19:00:00,poi_0009
user_0000,35.660557,139.706804,supermarket,2023-01-10 19:30:00,poi_0042
user_0000,35.699279,139.678048,convenience store,2023-01-10 22:00:00,poi_0008
user_0001,35.711311,139.691741,subway,2023-01-01 08:30:00,poi_0013
user_0001,35.711905,139.692458,subway,2023-01-01 08:50:00,poi_0013
user_0001,35.693298,139.710475,library,2023-01-01 10:00:00,poi_0034
user_0001,35.69432,139.711179,library,2023-01-01 11:00:00,poi_0034
user_0001,35.693691,139.710146,library,2023-01-01 11:50:00,poi_0034
user_0001,35.697061,139.710843,cafe,2023-01-01 12:20:00,poi_0001
user_0001,35.697486,139.711195,cafe,2023-01-01 12:20:00,poi_0001
user_0001,35.697334,139.709176,cafe,2023-01-01 12:40:00,poi_0001
user_0001,35.693966,139.709071,library,2023-01-01 13:40:00,poi_0034
user_0001,35.694137,139.710649,library,2023-01-01 13:40:00,poi_0034
user_0001,35.694228,139.710735,library,2023-01-01 13:50:00,poi_0034
user_0001,35.692951,139.703148,convenience store,2023-01-01 18:30:00,poi_0006
user_0001,35.697393,139.710169,cafe,2023-01-01 19:30:00,poi_0001
user_0001,35.697267,139.710959,cafe,2023-01-01 20:10:00,poi_0001
user_0001,35.697762,139.71032,cafe,2023-01-01 21:50:00,poi_0001
user_0001,35.711222,139.691982,subway,2023-01-02 08:00:00,poi_0013
user_0001,35.712406,139.692692,subway,2023-01-02 08:50:00,poi_0013
user_0001,35.694246,139.709744,library,2023-01-02 09:20:00,poi_0034
user_0001,35.709613,139.71947,school,2023-01-02 10:00:00,poi_0033
user_0001,35.696804,139.710682,cafe,2023-01-02 12:10:00,poi_0001
user_0001,35.69761,139.710345,cafe,2023-01-02 12:50:00,poi_0001
user_0001,35.694028,139.710177,library,2023-01-02 15:40:00,poi_0034
user_0001,35.693704,139.70182,convenience store,2023-01-02 18:10:00,poi_0006
user_0001,35.697181,139.709651,cafe,2023-01-02 19:00:00,poi_0001
user_0001,35.696954,139.709354,cafe,2023-01-02 20:10:00,poi_0001
user_0001,35.658025,139.71786,apartment,2023-01-02 21:00:00,poi_0017
user_0001,35.691198,139.691784,train station,2023-01-03 08:00:00,poi_0012
user_0001,35.69088,139.690452,train station,2023-01-03 08:10:00,poi_0012
user_0001,35.689955,139.691542,train station,2023-01-03 08:50:00,poi_0012
user_0001,35.69356,139.710681,library,2023-01-03 10:00:00,poi_0034
user_0001,35.694093,139.710355,library,2023-01-03 11:00:00,poi_0034
user_0001,35.65369,139.666353,convenience store,2023-01-03 12:40:00,poi_0040
user_0001,35.694206,139.709861,library,2023-01-03 14:00:00,poi_0034
user_0001,35.694457,139.710265,library,2023-01-03 15:20:00,poi_0034
user_0001,35.693799,139.709988,library,2023-01-03 16:30:00,poi_0034
user_0001,35.692785,139.702456,convenience store,2023-01-03 18:00:00,poi_0006
user_0001,35.696652,139.710423,cafe,2023-01-03 20:20:00,poi_0001
user_0001,35.71146,139.69207,subway,2023-01-04 08:40:00,poi_0013
user_0001,35.712377,139.691853,subway,2023-01-04 08:50:00,poi_0013
user_0001,35.694754,139.710626,library,2023-01-04 09:00:00,poi_0034
user_0001,35.693644,139.710429,library,2023-01-04 11:10:00,poi_0034
user_0001,35.694156,139.710687,library,2023-01-04 11:40:00,poi_0034
user_0001,35.698361,139.711331,cafe,2023-01-04 12:20:00,poi_0001
user_0001,35.697409,139.710695,cafe,2023-01-04 12:50:00,poi_0001
user_0001,35.695287,139.71037,library,2023-01-04 13:00:00,poi_0034
user_0001,35.694883,139.71106,library,2023-01-04 14:40:00,poi_0034
user_0001,35.69406,139.709841,library,2023-01-04 15:20:00,poi_0034
user_0001,35.692613,139.701907,convenience store,2023-01-04 17:50:00,poi_0006
user_0001,35.693404,139.702441,convenience store,2023-01-04 18:40:00,poi_0006
user_0001,35.697528,139.70943,cafe,2023-01-04 19:30:00,poi_0001
user_0001,35.697482,139.710019,cafe,2023-01-04 22:40:00,poi_0001
user_0001,35.697246,139.70946,cafe,2023-01-04 22:40:00,poi_0001
user_0001,35.71143,139.691838,subway,2023-01-05 08:30:00,poi_0013
user_0001,35.711346,139.691799,subway,2023-01-05 08:40:00,poi_0013
user_0001,35.712168,139.692664,subway,2023-01-05 08:50:00,poi_0013
user_0001,35.694158,139.709643,library,2023-01-05 09:50:00,poi_0034
user_0001,35.737868,139.668508,university,2023-01-05 10:30:00,poi_0051
user_0001,35.737731,139.669629,university,2023-01-05 10:40:00,poi_0051
user_0001,35.681458,139.697942,convenience store,2023-01-05 12:30:00,poi_0007
user_0001,35.720365,139.72475,university,2023-01-05 13:20:00,poi_0032
user_0001,35.720771,139.72572,university,2023-01-05 15:10:00,poi_0032
user_0001,35.732084,139.709828,convenience store,2023-01-05 17:40:00,poi_0041
user_0001,35.653459,139.666705,convenience store,2023-01-05 18:10:00,poi_0040
user_0001,35.697118,139.710156,cafe,2023-01-05 21:00:00,poi_0001
user_0001,35.697305,139.710751,cafe,2023-01-05 22:10:00,poi_0001
user_0001,35.698226,139.710287,cafe,2023-01-05 22:40:00,poi_0001
user_0001,35.71184,139.692063,subway,2023-01-06 08:00:00,poi_0013
user_0001,35.712319,139.692111,subway,2023-01-06 08:20:00,poi_0013
user_0001,35.711896,139.692463,subway,2023-01-06 08:50:00,poi_0013
user_0001,35.694663,139.70992,library,2023-01-06 09:40:00,poi_0034
user_0001,35.694421,139.710279,library,2023-01-06 09:40:00,poi_0034
user_0001,35.694174,139.710808,library,2023-01-06 09:40:00,poi_0034
user_0001,35.693028,139.701548,convenience store,2023-01-06 12:50:00,poi_0006
user_0001,35.694928,139.710243,library,2023-01-06 14:20:00,poi_0034
user_0001,35.693566,139.712242,library,2023-01-06 15:30:00,poi_0034
user_0001,35.692892,139.702135,convenience store,2023-01-06 17:10:00,poi_0006
user_0001,35.694089,139.70194,convenience store,2023-01-06 17:30:00,poi_0006
user_0001,35.697065,139.709642,cafe,2023-01-06 19:00:00,poi_0001
user_0001,35.696929,139.710039,cafe,2023-01-06 20:10:00,poi_0001
user_0001,35.71199,139.691615,subway,2023-01-07 08:40:00,poi_0013
user_0001,35.711874,139.692787,subway,2023-01-07 08:50:00,poi_0013
user_0001,35.694085,139.710322,library,2023-01-07 09:30:00,poi_0034
user_0001,35.719741,139.724867,university,2023-01-07 11:40:00,poi_0032
user_0001,35.720221,139.726052,university,2023-01-07 11:50:00,poi_0032
user_0001,35.731366,139.710291,convenience store,2023-01-07 12:10:00,poi_0041
user_0001,35.695214,139.709806,library,2023-01-07 14:00:00,poi_0034
user_0001,35.694174,139.709969,library,2023-01-07 15:00:00,poi_0034
user_0001,35.694452,139.71036,library,2023-01-07 16:50:00,poi_0034
user_0001,35.692927,139.701363,convenience store,2023-01-07 18:50:00,poi_0006
user_0001,35.697366,139.710658,cafe,2023-01-07 19:20:00,poi_0001
user_0001,35.697387,139.710012,cafe,2023-01-07 20:30:00,poi_0001
user_0001,35.697078,139.710034,cafe,2023-01-07 22:20:00,poi_0001
user_0001,35.712295,139.691792,subway,2023-01-08 08:00:00,poi_0013
user_0001,35.711451,139.69138,subway,2023-01-08 08:10:00,poi_0013
user_0001,35.711658,139.691258,subway,2023-01-08 08:30:00,poi_0013
user_0001,35.695798,139.710808,library,2023-01-08 09:30:00,poi_0034
user_0001,35.696907,139.710286,cafe,2023-01-08 12:00:00,poi_0001
user_0001,35.69354,139.710258,library,2023-01-08 15:50:00,poi_0034
user_0001,35.736451,139.667789,university,2023-01-08 16:10:00,poi_0051
user_0001,35.729541,139.68298,convenience store,2023-01-08 17:00:00,poi_0039
user_0001,35.728515,139.683518,convenience store,2023-01-08 17:30:00,poi_0039
user_0001,35.730017,139.682032,convenience store,2023-01-08 17:50:00,poi_0039
user_0001,35.72636,139.670239,residential,2023-01-08 20:40:00,poi_0018
user_0001,35.711025,139.690925,subway,2023-01-09 08:00:00,poi_0013
user_0001,35.711126,139.693245,subway,2023-01-09 08:40:00,poi_0013
user_0001,35.694398,139.71141,library,2023-01-09 09:10:00,poi_0034
user_0001,35.694829,139.711283,library,2023-01-09 09:50:00,poi_0034
user_0001,35.69436,139.710207,library,2023-01-09 11:20:00,poi_0034
user_0001,35.697725,139.711056,cafe,2023-01-09 12:30:00,poi_0001
user_0001,35.694276,139.710067,library,2023-01-09 13:30:00,poi_0034
user_0001,35.693522,139.702185,convenience store,2023-01-09 17:00:00,poi_0006
user_0001,35.693659,139.702023,convenience store,2023-01-09 17:20:00,poi_0006
user_0001,35.696184,139.710373,cafe,2023-01-09 21:10:00,poi_0001
user_0001,35.697597,139.70942,cafe,2023-01-09 21:30:00,poi_0001
user_0001,35.691342,139.69145,train station,2023-01-10 08:10:00,poi_0012
user_0001,35.690988,139.691954,train station,2023-01-10 08:20:00,poi_0012
user_0001,35.690728,139.691198,train station,2023-01-10 08:40:00,poi_0012
user_0001,35.693713,139.709957,library,2023-01-10 09:10:00,poi_0034
user_0001,35.696736,139.710598,cafe,2023-01-10 12:20:00,poi_0001
user_0001,35.697097,139.709468,cafe,2023-01-10 12:20:00,poi_0001
user_0001,35.697484,139.709609,cafe,2023-01-10 12:30:00,poi_0001
user_0001,35.694245,139.710875,library,2023-01-10 14:50:00,poi_0034
user_0001,35.664343,139.722864,sport,2023-01-10 17:50:00,poi_0029
user_0001,35.665656,139.723463,sport,2023-01-10 17:50:00,poi_0029
user_0001,35.71398,139.696207,cafe,2023-01-10 19:20:00,poi_0005
user_0002,35.724916,139.67003,residential,2023-01-01 10:00:00,poi_0018
user_0002,35.652108,139.732333,residential,2023-01-01 10:30:00,poi_0050
user_0002,35.652992,139.732236,residential,2023-01-01 10:30:00,poi_0050
user_0002,35.658908,139.701067,restaurant,2023-01-01 13:20:00,poi_0045
user_0002,35.725467,139.670748,residential,2023-01-01 15:20:00,poi_0018
user_0002,35.70904,139.681114,restaurant,2023-01-01 20:20:00,poi_0003
user_0002,35.724597,139.670018,residential,2023-01-01 22:10:00,poi_0018
user_0002,35.725557,139.670553,residential,2023-01-01 22:20:00,poi_0018
user_0002,35.724976,139.670736,residential,2023-01-01 22:20:00,poi_0018
user_0002,35.725909,139.670829,residential,2023-01-02 10:30:00,poi_0018
user_0002,35.692765,139.702197,convenience store,2023-01-02 11:20:00,poi_0006
user_0002,35.726343,139.707156,apartment,2023-01-02 15:30:00,poi_0016
user_0002,35.731778,139.690529,restaurant,2023-01-02 17:10:00,poi_0046
user_0002,35.731282,139.690873,restaurant,2023-01-02 17:20:00,poi_0046
user_0002,35.731475,139.690868,restaurant,2023-01-02 20:40:00,poi_0046
user_0002,35.726588,139.70549,apartment,2023-01-02 21:10:00,poi_0016
user_0002,35.726753,139.706422,apartment,2023-01-02 21:40:00,poi_0016
user_0002,35.727303,139.706113,apartment,2023-01-02 21:50:00,poi_0016
user_0002,35.725149,139.670927,residential,2023-01-03 10:40:00,poi_0018
user_0002,35.674707,139.704263,restaurant,2023-01-03 13:00:00,poi_0004
user_0002,35.658354,139.717169,apartment,2023-01-03 16:00:00,poi_0017
user_0002,35.659704,139.700725,restaurant,2023-01-03 20:00:00,poi_0045
user_0002,35.658125,139.700812,restaurant,2023-01-03 20:40:00,poi_0045
user_0002,35.658884,139.717511,apartment,2023-01-03 21:10:00,poi_0017
user_0002,35.650901,139.674721,residential,2023-01-03 21:30:00,poi_0019
user_0002,35.650556,139.675389,residential,2023-01-03 21:50:00,poi_0019
user_0002,35.724996,139.670904,residential,2023-01-04 10:00:00,poi_0018
user_0002,35.725458,139.671001,residential,2023-01-04 10:20:00,poi_0018
user_0002,35.724079,139.670413,residential,2023-01-04 10:30:00,poi_0018
user_0002,35.693464,139.702042,convenience store,2023-01-04 12:20:00,poi_0006
user_0002,35.693641,139.702502,convenience store,2023-01-04 13:40:00,poi_0006
user_0002,35.644566,139.727112,apartment,2023-01-04 14:40:00,poi_0047
user_0002,35.731312,139.690163,restaurant,2023-01-04 18:50:00,poi_0046
user_0002,35.731557,139.691181,restaurant,2023-01-04 19:50:00,poi_0046
user_0002,35.731169,139.690033,restaurant,2023-01-04 20:50:00,poi_0046
user_0002,35.726746,139.706126,apartment,2023-01-04 21:00:00,poi_0016
user_0002,35.726714,139.706793,apartment,2023-01-04 21:40:00,poi_0016
user_0002,35.726434,139.7057,apartment,2023-01-04 22:00:00,poi_0016
user_0002,35.645837,139.726748,apartment,2023-01-05 10:30:00,poi_0047
user_0002,35.645661,139.727712,apartment,2023-01-05 10:30:00,poi_0047
user_0002,35.658955,139.700321,restaurant,2023-01-05 11:10:00,poi_0045
user_0002,35.653691,139.666294,convenience store,2023-01-05 11:30:00,poi_0040
user_0002,35.728752,139.682346,convenience store,2023-01-05 12:50:00,poi_0039
user_0002,35.725279,139.669736,residential,2023-01-05 15:10:00,poi_0018
user_0002,35.724857,139.67015,residential,2023-01-05 15:30:00,poi_0018
user_0002,35.709661,139.682217,restaurant,2023-01-05 17:20:00,poi_0003
user_0002,35.710677,139.680869,restaurant,2023-01-05 19:20:00,poi_0003
user_0002,35.725537,139.670266,residential,2023-01-05 21:10:00,poi_0018
user_0002,35.725026,139.670257,residential,2023-01-05 22:10:00,poi_0018
user_0002,35.725401,139.669596,residential,2023-01-06 10:00:00,poi_0018
user_0002,35.725554,139.669761,residential,2023-01-06 10:10:00,poi_0018
user_0002,35.724453,139.670362,residential,2023-01-06 10:30:00,poi_0018
user_0002,35.728986,139.683595,convenience store,2023-01-06 12:30:00,poi_0039
user_0002,35.729463,139.682124,convenience store,2023-01-06 13:10:00,poi_0039
user_0002,35.725293,139.67029,residential,2023-01-06 14:30:00,poi_0018
user_0002,35.709295,139.680563,restaurant,2023-01-06 20:00:00,poi_0003
user_0002,35.709595,139.681267,restaurant,2023-01-06 20:30:00,poi_0003
user_0002,35.709586,139.680778,restaurant,2023-01-06 20:40:00,poi_0003
user_0002,35.724528,139.67088,residential,2023-01-06 22:30:00,poi_0018
user_0002,35.725177,139.669606,residential,2023-01-07 10:20:00,poi_0018
user_0002,35.730285,139.682261,convenience store,2023-01-07 13:10:00,poi_0039
user_0002,35.724677,139.67025,residential,2023-01-07 15:30:00,poi_0018
user_0002,35.709573,139.681578,restaurant,2023-01-07 18:30:00,poi_0003
user_0002,35.709028,139.680812,restaurant,2023-01-07 20:10:00,poi_0003
user_0002,35.724359,139.671325,residential,2023-01-07 22:20:00,poi_0018
user_0002,35.725419,139.67063,residential,2023-01-08 10:30:00,poi_0018
user_0002,35.724224,139.670402,residential,2023-01-08 10:50:00,poi_0018
user_0002,35.725943,139.66999,residential,2023-01-08 10:50:00,poi_0018
user_0002,35.729063,139.682444,convenience store,2023-01-08 11:00:00,poi_0039
user_0002,35.699816,139.678443,convenience store,2023-01-08 12:40:00,poi_0008
user_0002,35.725249,139.670592,residential,2023-01-08 16:40:00,poi_0018
user_0002,35.709682,139.680909,restaurant,2023-01-08 19:50:00,poi_0003
user_0002,35.71017,139.681617,restaurant,2023-01-08 20:30:00,poi_0003
user_0002,35.717175,139.729364,apartment,2023-01-08 22:10:00,poi_0020
user_0002,35.725216,139.671193,residential,2023-01-09 10:10:00,poi_0018
user_0002,35.726043,139.670847,residential,2023-01-09 10:10:00,poi_0018
user_0002,35.72906,139.682413,convenience store,2023-01-09 13:10:00,poi_0039
user_0002,35.728806,139.682746,convenience store,2023-01-09 13:30:00,poi_0039
user_0002,35.725056,139.670299,residential,2023-01-09 16:20:00,poi_0018
user_0002,35.709967,139.680853,restaurant,2023-01-09 17:10:00,poi_0003
user_0002,35.709936,139.681326,restaurant,2023-01-09 19:10:00,poi_0003
user_0002,35.725274,139.670035,residential,2023-01-09 21:30:00,poi_0018
user_0002,35.645928,139.727481,apartment,2023-01-09 21:40:00,poi_0047
user_0002,35.724785,139.67109,residential,2023-01-10 10:00:00,poi_0018
user_0002,35.644651,139.727251,apartment,2023-01-10 10:00:00,poi_0047
user_0002,35.729756,139.682526,convenience store,2023-01-10 11:10:00,poi_0039
user_0002,35.701183,139.696922,ramen restaurant,2023-01-10 11:30:00,poi_0000
user_0002,35.701582,139.696008,ramen restaurant,2023-01-10 11:40:00,poi_0000
user_0002,35.726338,139.706775,apartment,2023-01-10 16:40:00,poi_0016
user_0002,35.674917,139.703288,restaurant,2023-01-10 17:30:00,poi_0004
user_0002,35.674112,139.704089,restaurant,2023-01-10 18:00:00,poi_0004
user_0002,35.673682,139.704477,restaurant,2023-01-10 18:20:00,poi_0004
user_0002,35.725402,139.706782,apartment,2023-01-10 21:10:00,poi_0016
user_0002,35.726817,139.706317,apartment,2023-01-10 22:40:00,poi_0016
user_0003,35.690201,139.691027,train station,2023-01-01 08:20:00,poi_0012
user_0003,35.690692,139.691119,train station,2023-01-01 08:30:00,poi_0012
user_0003,35.692848,139.70145,convenience store,2023-01-01 09:50:00,poi_0006
user_0003,35.700011,139.67793,convenience store,2023-01-01 13:40:00,poi_0008
user_0003,35.710624,139.681789,restaurant,2023-01-01 18:50:00,poi_0003
user_0003,35.709352,139.681867,restaurant,2023-01-01 19:20:00,poi_0003
user_0003,35.709306,139.680333,restaurant,2023-01-01 19:40:00,poi_0003
user_0003,35.724669,139.670388,residential,2023-01-01 20:10:00,poi_0018
user_0003,35.725165,139.670726,residential,2023-01-01 21:50:00,poi_0018
user_0003,35.690012,139.691312,train station,2023-01-02 08:10:00,poi_0012
user_0003,35.688792,139.692014,train station,2023-01-02 08:30:00,poi_0012
user_0003,35.690876,139.691168,train station,2023-01-02 08:30:00,poi_0012
user_0003,35.733028,139.711317,convenience store,2023-01-02 11:10:00,poi_0041
user_0003,35.732022,139.690327,restaurant,2023-01-02 19:40:00,poi_0046
user_0003,35.727637,139.705477,apartment,2023-01-02 20:10:00,poi_0016
user_0003,35.644827,139.726405,apartment,2023-01-02 22:20:00,poi_0047
user_0003,35.690402,139.691347,train station,2023-01-03 08:00:00,poi_0012
user_0003,35.68976,139.692121,train station,2023-01-03 08:10:00,poi_0012
user_0003,35.690211,139.691322,train station,2023-01-03 08:10:00,poi_0012
user_0003,35.693269,139.700887,convenience store,2023-01-03 15:40:00,poi_0006
user_0003,35.693863,139.701687,convenience store,2023-01-03 17:10:00,poi_0006
user_0003,35.708192,139.712272,supermarket,2023-01-03 18:50:00,poi_0009
user_0003,35.706814,139.711146,supermarket,2023-01-03 19:20:00,poi_0009
user_0003,35.727518,139.705398,apartment,2023-01-03 21:50:00,poi_0016
user_0003,35.690701,139.691317,train station,2023-01-04 08:00:00,poi_0012
user_0003,35.672497,139.678274,bus stop,2023-01-04 08:10:00,poi_0014
user_0003,35.672037,139.678506,bus stop,2023-01-04 08:10:00,poi_0014
user_0003,35.669479,139.684886,mall,2023-01-04 10:30:00,poi_0010
user_0003,35.669267,139.684486,mall,2023-01-04 17:30:00,poi_0010
user_0003,35.674338,139.703709,restaurant,2023-01-04 19:40:00,poi_0004
user_0003,35.67387,139.703307,restaurant,2023-01-04 19:50:00,poi_0004
user_0003,35.659613,139.717774,apartment,2023-01-04 20:50:00,poi_0017
user_0003,35.658318,139.717246,apartment,2023-01-04 21:40:00,poi_0017
user_0003,35.658764,139.717098,apartment,2023-01-04 22:20:00,poi_0017
user_0003,35.689839,139.691672,train station,2023-01-05 08:00:00,poi_0012
user_0003,35.690034,139.69119,train station,2023-01-05 08:40:00,poi_0012
user_0003,35.692716,139.702278,convenience store,2023-01-05 14:20:00,poi_0006
user_0003,35.692771,139.701893,convenience store,2023-01-05 14:50:00,poi_0006
user_0003,35.693497,139.702048,convenience store,2023-01-05 15:40:00,poi_0006
user_0003,35.708591,139.711343,supermarket,2023-01-05 19:10:00,poi_0009
user_0003,35.658526,139.700274,restaurant,2023-01-05 19:50:00,poi_0045
user_0003,35.649918,139.675701,residential,2023-01-05 22:00:00,poi_0019
user_0003,35.672622,139.678515,bus stop,2023-01-06 08:00:00,poi_0014
user_0003,35.669245,139.684693,mall,2023-01-06 09:40:00,poi_0010
user_0003,35.670018,139.685308,mall,2023-01-06 09:50:00,poi_0010
user_0003,35.67424,139.704291,restaurant,2023-01-06 18:50:00,poi_0004
user_0003,35.658287,139.717435,apartment,2023-01-06 20:10:00,poi_0017
user_0003,35.659114,139.71784,apartment,2023-01-06 21:30:00,poi_0017
user_0003,35.69137,139.692382,train station,2023-01-07 08:10:00,poi_0012
user_0003,35.6905,139.691022,train station,2023-01-07 08:30:00,poi_0012
user_0003,35.690561,139.692025,train station,2023-01-07 08:50:00,poi_0012
user_0003,35.692875,139.702302,convenience store,2023-01-07 09:30:00,poi_0006
user_0003,35.692684,139.701438,convenience store,2023-01-07 09:40:00,poi_0006
user_0003,35.692931,139.701617,convenience store,2023-01-07 09:40:00,poi_0006
user_0003,35.706946,139.711567,supermarket,2023-01-07 18:30:00,poi_0009
user_0003,35.707018,139.711375,supermarket,2023-01-07 19:30:00,poi_0009
user_0003,35.707424,139.711804,supermarket,2023-01-07 19:40:00,poi_0009
user_0003,35.645892,139.726574,apartment,2023-01-07 21:10:00,poi_0047
user_0003,35.645332,139.727808,apartment,2023-01-07 22:20:00,poi_0047
user_0003,35.689768,139.691534,train station,2023-01-08 08:10:00,poi_0012
user_0003,35.672735,139.679192,bus stop,2023-01-08 08:30:00,poi_0014
user_0003,35.672511,139.67851,bus stop,2023-01-08 08:40:00,poi_0014
user_0003,35.670477,139.68587,mall,2023-01-08 16:30:00,poi_0010
user_0003,35.673327,139.703988,restaurant,2023-01-08 19:00:00,poi_0004
user_0003,35.731994,139.690949,restaurant,2023-01-08 19:30:00,poi_0046
user_0003,35.72676,139.706377,apartment,2023-01-08 22:00:00,poi_0016
user_0003,35.724445,139.670266,residential,2023-01-08 22:40:00,poi_0018
user_0003,35.690121,139.691251,train station,2023-01-09 08:40:00,poi_0012
user_0003,35.69004,139.691332,train station,2023-01-09 08:40:00,poi_0012
user_0003,35.672386,139.677813,bus stop,2023-01-09 08:50:00,poi_0014
user_0003,35.670847,139.684886,mall,2023-01-09 14:20:00,poi_0010
user_0003,35.670574,139.685767,mall,2023-01-09 17:10:00,poi_0010
user_0003,35.670948,139.685131,mall,2023-01-09 17:20:00,poi_0010
user_0003,35.674478,139.70376,restaurant,2023-01-09 18:30:00,poi_0004
user_0003,35.658768,139.71817,apartment,2023-01-09 21:00:00,poi_0017
user_0003,35.64537,139.727319,apartment,2023-01-09 22:40:00,poi_0047
user_0003,35.690669,139.691258,train station,2023-01-10 08:10:00,poi_0012
user_0003,35.690735,139.691723,train station,2023-01-10 08:10:00,poi_0012
user_0003,35.690259,139.691212,train station,2023-01-10 08:30:00,poi_0012
user_0003,35.693559,139.703035,convenience store,2023-01-10 11:40:00,poi_0006
user_0003,35.692493,139.700944,convenience store,2023-01-10 15:50:00,poi_0006
user_0003,35.692604,139.701533,convenience store,2023-01-10 17:00:00,poi_0006
user_0003,35.673454,139.704286,restaurant,2023-01-10 18:00:00,poi_0004
user_0003,35.710335,139.681424,restaurant,2023-01-10 19:40:00,poi_0003
user_0003,35.711011,139.680937,restaurant,2023-01-10 19:50:00,poi_0003
user_0003,35.724247,139.66979,residential,2023-01-10 20:00:00,poi_0018
user_0003,35.724477,139.670684,residential,2023-01-10 20:00:00,poi_0018
user_0004,35.732529,139.711518,convenience store,2023-01-01 07:10:00,poi_0041
user_0004,35.732644,139.710939,convenience store,2023-01-01 08:20:00,poi_0041
user_0004,35.657818,139.717228,apartment,2023-01-01 09:30:00,poi_0017
user_0004,35.650627,139.675165,residential,2023-01-01 15:10:00,poi_0019
user_0004,35.658695,139.700845,restaurant,2023-01-01 16:50:00,poi_0045
user_0004,35.677733,139.712413,park,2023-01-01 19:00:00,poi_0022
user_0004,35.677821,139.71263,park,2023-01-01 21:50:00,poi_0022
user_0004,35.684094,139.700939,office,2023-01-01 22:00:00,poi_0025
user_0004,35.684439,139.700841,office,2023-01-01 22:30:00,poi_0025
user_0004,35.729548,139.672581,workplace,2023-01-01 23:20:00,poi_0049
user_0004,35.732711,139.710881,convenience store,2023-01-02 02:30:00,poi_0041
user_0004,35.732649,139.709936,convenience store,2023-01-02 03:00:00,poi_0041
user_0004,35.732122,139.710446,convenience store,2023-01-02 07:40:00,poi_0041
user_0004,35.732672,139.711456,convenience store,2023-01-02 09:20:00,poi_0041
user_0004,35.680157,139.698587,convenience store,2023-01-02 09:40:00,poi_0007
user_0004,35.680974,139.698564,convenience store,2023-01-02 09:40:00,poi_0007
user_0004,35.659086,139.71842,apartment,2023-01-02 11:40:00,poi_0017
user_0004,35.658247,139.716857,apartment,2023-01-02 14:10:00,poi_0017
user_0004,35.659021,139.717254,apartment,2023-01-02 14:50:00,poi_0017
user_0004,35.660377,139.707442,supermarket,2023-01-02 16:50:00,poi_0042
user_0004,35.678518,139.712102,park,2023-01-02 19:50:00,poi_0022
user_0004,35.678177,139.712241,park,2023-01-02 20:50:00,poi_0022
user_0004,35.677947,139.711456,park,2023-01-02 21:20:00,poi_0022
user_0004,35.697184,139.702703,workplace,2023-01-02 23:50:00,poi_0027
user_0004,35.732492,139.709341,convenience store,2023-01-03 06:30:00,poi_0041
user_0004,35.733081,139.710376,convenience store,2023-01-03 08:40:00,poi_0041
user_0004,35.733652,139.71039,convenience store,2023-01-03 09:50:00,poi_0041
user_0004,35.72715,139.706652,apartment,2023-01-03 15:30:00,poi_0016
user_0004,35.710384,139.681358,restaurant,2023-01-03 16:10:00,poi_0003
user_0004,35.66002,139.70693,supermarket,2023-01-03 16:20:00,poi_0042
user_0004,35.660704,139.707446,supermarket,2023-01-03 17:30:00,poi_0042
user_0004,35.705197,139.698393,entertainment,2023-01-03 18:00:00,poi_0031
user_0004,35.678201,139.712272,park,2023-01-03 18:20:00,poi_0022
user_0004,35.677501,139.711601,park,2023-01-03 21:10:00,poi_0022
user_0004,35.696103,139.702834,workplace,2023-01-03 22:30:00,poi_0027
user_0004,35.732434,139.71151,convenience store,2023-01-04 01:10:00,poi_0041
user_0004,35.732453,139.710229,convenience store,2023-01-04 08:40:00,poi_0041
user_0004,35.733116,139.711194,convenience store,2023-01-04 09:10:00,poi_0041
user_0004,35.732604,139.710786,convenience store,2023-01-04 09:10:00,poi_0041
user_0004,35.725541,139.70613,apartment,2023-01-04 11:20:00,poi_0016
user_0004,35.644956,139.727495,apartment,2023-01-04 15:20:00,poi_0047
user_0004,35.645049,139.727311,apartment,2023-01-04 15:40:00,poi_0047
user_0004,35.660952,139.707473,supermarket,2023-01-04 17:30:00,poi_0042
user_0004,35.658611,139.671607,park,2023-01-04 18:30:00,poi_0059
user_0004,35.658761,139.671583,park,2023-01-04 19:50:00,poi_0059
user_0004,35.659534,139.671597,park,2023-01-04 21:20:00,poi_0059
user_0004,35.684491,139.700354,office,2023-01-04 22:10:00,poi_0025
user_0004,35.684218,139.700247,office,2023-01-04 23:00:00,poi_0025
user_0004,35.732937,139.711672,convenience store,2023-01-05 04:40:00,poi_0041
user_0004,35.732949,139.710431,convenience store,2023-01-05 05:40:00,poi_0041
user_0004,35.732615,139.70979,convenience store,2023-01-05 06:10:00,poi_0041
user_0004,35.732515,139.710136,convenience store,2023-01-05 08:30:00,poi_0041
user_0004,35.732482,139.710985,convenience store,2023-01-05 09:50:00,poi_0041
user_0004,35.726836,139.706691,apartment,2023-01-05 14:30:00,poi_0016
user_0004,35.728028,139.706912,apartment,2023-01-05 15:30:00,poi_0016
user_0004,35.7319,139.691104,restaurant,2023-01-05 17:30:00,poi_0046
user_0004,35.732314,139.690069,restaurant,2023-01-05 17:40:00,poi_0046
user_0004,35.705388,139.698766,entertainment,2023-01-05 19:00:00,poi_0031
user_0004,35.703561,139.696685,office,2023-01-05 22:10:00,poi_0026
user_0004,35.703821,139.695409,office,2023-01-05 22:20:00,poi_0026
user_0004,35.732523,139.709809,convenience store,2023-01-06 06:30:00,poi_0041
user_0004,35.732609,139.710155,convenience store,2023-01-06 07:00:00,poi_0041
user_0004,35.733081,139.711578,convenience store,2023-01-06 09:30:00,poi_0041
user_0004,35.727579,139.705842,apartment,2023-01-06 10:10:00,poi_0016
user_0004,35.650805,139.676235,residential,2023-01-06 10:30:00,poi_0019
user_0004,35.650552,139.675984,residential,2023-01-06 14:20:00,poi_0019
user_0004,35.658239,139.699993,restaurant,2023-01-06 16:00:00,poi_0045
user_0004,35.658528,139.700597,restaurant,2023-01-06 16:40:00,poi_0045
user_0004,35.677925,139.713411,park,2023-01-06 18:00:00,poi_0022
user_0004,35.678427,139.71136,park,2023-01-06 18:00:00,poi_0022
user_0004,35.678314,139.71219,park,2023-01-06 19:40:00,poi_0022
user_0004,35.683124,139.700047,office,2023-01-06 22:30:00,poi_0025
user_0004,35.733195,139.710478,convenience store,2023-01-07 03:20:00,poi_0041
user_0004,35.732522,139.710219,convenience store,2023-01-07 06:40:00,poi_0041
user_0004,35.645416,139.72686,apartment,2023-01-07 09:20:00,poi_0047
user_0004,35.644894,139.726491,apartment,2023-01-07 13:10:00,poi_0047
user_0004,35.645809,139.726487,apartment,2023-01-07 14:40:00,poi_0047
user_0004,35.658901,139.700417,restaurant,2023-01-07 17:10:00,poi_0045
user_0004,35.732206,139.69032,restaurant,2023-01-07 17:40:00,poi_0046
user_0004,35.707033,139.698685,entertainment,2023-01-07 21:50:00,poi_0031
user_0004,35.704589,139.696069,office,2023-01-07 22:00:00,poi_0026
user_0004,35.704648,139.695199,office,2023-01-07 22:20:00,poi_0026
user_0004,35.704444,139.696352,office,2023-01-07 23:20:00,poi_0026
user_0004,35.732048,139.711165,convenience store,2023-01-08 05:40:00,poi_0041
user_0004,35.675632,139.693088,office,2023-01-08 07:30:00,poi_0048
user_0004,35.681003,139.698298,convenience store,2023-01-08 08:00:00,poi_0007
user_0004,35.731972,139.711139,convenience store,2023-01-08 08:10:00,poi_0041
user_0004,35.72746,139.706066,apartment,2023-01-08 15:20:00,poi_0016
user_0004,35.73146,139.690024,restaurant,2023-01-08 16:40:00,poi_0046
user_0004,35.731117,139.690082,restaurant,2023-01-08 17:10:00,poi_0046
user_0004,35.705908,139.69848,entertainment,2023-01-08 18:10:00,poi_0031
user_0004,35.702128,139.68829,cinema,2023-01-08 18:20:00,poi_0028
user_0004,35.705824,139.699474,entertainment,2023-01-08 19:00:00,poi_0031
user_0004,35.703647,139.696237,office,2023-01-08 22:10:00,poi_0026
user_0004,35.732024,139.710393,convenience store,2023-01-09 00:10:00,poi_0041
user_0004,35.697196,139.702641,workplace,2023-01-09 00:50:00,poi_0027
user_0004,35.726606,139.70596,apartment,2023-01-09 09:30:00,poi_0016
user_0004,35.726848,139.706372,apartment,2023-01-09 11:10:00,poi_0016
user_0004,35.726811,139.706509,apartment,2023-01-09 11:20:00,poi_0016
user_0004,35.731789,139.691389,restaurant,2023-01-09 16:40:00,poi_0046
user_0004,35.705667,139.700316,entertainment,2023-01-09 18:50:00,poi_0031
user_0004,35.70542,139.698549,entertainment,2023-01-09 19:50:00,poi_0031
user_0004,35.70561,139.69996,entertainment,2023-01-09 20:30:00,poi_0031
user_0004,35.704567,139.695927,office,2023-01-09 22:10:00,poi_0026
user_0004,35.705534,139.695745,office,2023-01-09 22:30:00,poi_0026
user_0004,35.704053,139.695489,office,2023-01-09 23:10:00,poi_0026
user_0004,35.732862,139.710161,convenience store,2023-01-10 02:00:00,poi_0041
user_0004,35.732042,139.710356,convenience store,2023-01-10 02:40:00,poi_0041
user_0004,35.732396,139.710043,convenience store,2023-01-10 06:40:00,poi_0041
user_0004,35.732462,139.71136,convenience store,2023-01-10 08:20:00,poi_0041
user_0004,35.668325,139.695891,convenience store,2023-01-10 08:50:00,poi_0038
user_0004,35.668447,139.696422,convenience store,2023-01-10 09:30:00,poi_0038
user_0004,35.658045,139.717195,apartment,2023-01-10 10:30:00,poi_0017
user_0004,35.659479,139.717109,apartment,2023-01-10 13:10:00,poi_0017
user_0004,35.707268,139.710721,supermarket,2023-01-10 16:00:00,poi_0009
user_0004,35.707749,139.711471,supermarket,2023-01-10 17:00:00,poi_0009
user_0004,35.69996,139.703115,park,2023-01-10 20:40:00,poi_0021
user_0004,35.696703,139.701303,workplace,2023-01-10 23:20:00,poi_0027
user_0004,35.697067,139.702627,workplace,2023-01-10 23:20:00,poi_0027
user_0004,35.696027,139.702523,workplace,2023-01-10 23:20:00,poi_0027
user_0005,35.69474,139.719493,subway,2023-01-01 07:40:00,poi_0015
user_0005,35.695642,139.720177,subway,2023-01-01 07:50:00,poi_0015
user_0005,35.696938,139.7025,workplace,2023-01-01 09:20:00,poi_0027
user_0005,35.696354,139.702695,workplace,2023-01-01 10:40:00,poi_0027
user_0005,35.693061,139.701271,convenience store,2023-01-01 12:20:00,poi_0006
user_0005,35.693914,139.702029,convenience store,2023-01-01 12:30:00,poi_0006
user_0005,35.696549,139.702332,workplace,2023-01-01 15:50:00,poi_0027
user_0005,35.690116,139.691919,train station,2023-01-01 18:20:00,poi_0012
user_0005,35.690581,139.690786,train station,2023-01-01 18:30:00,poi_0012
user_0005,35.690097,139.69104,train station,2023-01-01 19:00:00,poi_0012
user_0005,35.692559,139.702313,convenience store,2023-01-01 20:50:00,poi_0006
user_0005,35.69317,139.700902,convenience store,2023-01-01 21:50:00,poi_0006
user_0005,35.693971,139.702416,convenience store,2023-01-01 22:30:00,poi_0006
user_0005,35.694692,139.720288,subway,2023-01-02 07:40:00,poi_0015
user_0005,35.696299,139.702923,workplace,2023-01-02 11:10:00,poi_0027
user_0005,35.69635,139.703045,workplace,2023-01-02 11:40:00,poi_0027
user_0005,35.693507,139.700747,convenience store,2023-01-02 12:50:00,poi_0006
user_0005,35.696573,139.7029,workplace,2023-01-02 13:40:00,poi_0027
user_0005,35.696162,139.702566,workplace,2023-01-02 14:00:00,poi_0027
user_0005,35.696442,139.702815,workplace,2023-01-02 15:40:00,poi_0027
user_0005,35.691009,139.691459,train station,2023-01-02 19:00:00,poi_0012
user_0005,35.690649,139.691794,train station,2023-01-02 19:20:00,poi_0012
user_0005,35.690818,139.691615,train station,2023-01-02 19:50:00,poi_0012
user_0005,35.69367,139.700629,convenience store,2023-01-02 22:00:00,poi_0006
user_0005,35.694242,139.720669,subway,2023-01-03 07:50:00,poi_0015
user_0005,35.695177,139.720247,subway,2023-01-03 08:00:00,poi_0015
user_0005,35.712226,139.692021,subway,2023-01-03 08:20:00,poi_0013
user_0005,35.704333,139.695457,office,2023-01-03 09:40:00,poi_0026
user_0005,35.703896,139.695862,office,2023-01-03 10:50:00,poi_0026
user_0005,35.70139,139.695989,ramen restaurant,2023-01-03 12:20:00,poi_0000
user_0005,35.700629,139.696897,ramen restaurant,2023-01-03 12:30:00,poi_0000
user_0005,35.701372,139.697546,ramen restaurant,2023-01-03 12:50:00,poi_0000
user_0005,35.704388,139.695874,office,2023-01-03 16:50:00,poi_0026
user_0005,35.690621,139.690841,train station,2023-01-03 19:30:00,poi_0012
user_0005,35.692504,139.701227,convenience store,2023-01-03 22:30:00,poi_0006
user_0005,35.645836,139.72725,apartment,2023-01-03 22:40:00,poi_0047
user_0005,35.69548,139.72013,subway,2023-01-04 08:00:00,poi_0015
user_0005,35.695642,139.720008,subway,2023-01-04 08:10:00,poi_0015
user_0005,35.704425,139.695843,office,2023-01-04 09:20:00,poi_0026
user_0005,35.684297,139.700549,office,2023-01-04 09:30:00,poi_0025
user_0005,35.684307,139.699783,office,2023-01-04 10:40:00,poi_0025
user_0005,35.680425,139.698336,convenience store,2023-01-04 12:30:00,poi_0007
user_0005,35.684029,139.699429,office,2023-01-04 13:40:00,poi_0025
user_0005,35.691235,139.691472,train station,2023-01-04 18:50:00,poi_0012
user_0005,35.694556,139.719606,subway,2023-01-04 19:00:00,poi_0015
user_0005,35.694072,139.701625,convenience store,2023-01-04 22:10:00,poi_0006
user_0005,35.694815,139.720108,subway,2023-01-05 07:30:00,poi_0015
user_0005,35.695735,139.719662,subway,2023-01-05 07:40:00,poi_0015
user_0005,35.696728,139.702524,workplace,2023-01-05 09:20:00,poi_0027
user_0005,35.693685,139.701784,convenience store,2023-01-05 12:20:00,poi_0006
user_0005,35.704644,139.696298,office,2023-01-05 14:00:00,poi_0026
user_0005,35.70388,139.695414,office,2023-01-05 14:20:00,poi_0026
user_0005,35.703683,139.695465,office,2023-01-05 15:30:00,poi_0026
user_0005,35.71187,139.691926,subway,2023-01-05 18:50:00,poi_0013
user_0005,35.699207,139.677945,convenience store,2023-01-05 20:10:00,poi_0008
user_0005,35.699605,139.678222,convenience store,2023-01-05 20:30:00,poi_0008
user_0005,35.695097,139.720399,subway,2023-01-06 07:10:00,poi_0015
user_0005,35.680362,139.699636,convenience store,2023-01-06 08:20:00,poi_0007
user_0005,35.683557,139.699615,office,2023-01-06 10:30:00,poi_0025
user_0005,35.680532,139.698494,convenience store,2023-01-06 12:30:00,poi_0007
user_0005,35.675342,139.692756,office,2023-01-06 14:10:00,poi_0048
user_0005,35.676401,139.694163,office,2023-01-06 14:40:00,poi_0048
user_0005,35.711973,139.691583,subway,2023-01-06 18:40:00,poi_0013
user_0005,35.711885,139.692626,subway,2023-01-06 18:40:00,poi_0013
user_0005,35.712016,139.691195,subway,2023-01-06 19:30:00,poi_0013
user_0005,35.699933,139.678473,convenience store,2023-01-06 20:50:00,poi_0008
user_0005,35.699933,139.677142,convenience store,2023-01-06 21:10:00,poi_0008
user_0005,35.699466,139.678255,convenience store,2023-01-06 22:10:00,poi_0008
user_0005,35.694319,139.701715,convenience store,2023-01-07 07:00:00,poi_0006
user_0005,35.693573,139.701314,convenience store,2023-01-07 08:00:00,poi_0006
user_0005,35.69281,139.701037,convenience store,2023-01-07 08:10:00,poi_0006
user_0005,35.697028,139.702631,workplace,2023-01-07 09:00:00,poi_0027
user_0005,35.692978,139.70258,convenience store,2023-01-07 12:50:00,poi_0006
user_0005,35.696007,139.702443,workplace,2023-01-07 16:20:00,poi_0027
user_0005,35.696461,139.703157,workplace,2023-01-07 16:30:00,poi_0027
user_0005,35.690065,139.692048,train station,2023-01-07 19:40:00,poi_0012
user_0005,35.692013,139.702285,convenience store,2023-01-07 20:10:00,poi_0006
user_0005,35.693196,139.702947,convenience store,2023-01-07 22:40:00,poi_0006
user_0005,35.693029,139.701702,convenience store,2023-01-07 22:50:00,poi_0006
user_0005,35.695339,139.720207,subway,2023-01-08 08:20:00,poi_0015
user_0005,35.694607,139.720195,subway,2023-01-08 08:30:00,poi_0015
user_0005,35.695238,139.719837,subway,2023-01-08 08:30:00,poi_0015
user_0005,35.690889,139.695862,office,2023-01-08 09:30:00,poi_0024
user_0005,35.703864,139.695978,office,2023-01-08 10:00:00,poi_0026
user_0005,35.700981,139.69698,ramen restaurant,2023-01-08 12:00:00,poi_0000
user_0005,35.701097,139.696811,ramen restaurant,2023-01-08 12:30:00,poi_0000
user_0005,35.70064,139.696168,ramen restaurant,2023-01-08 12:40:00,poi_0000
user_0005,35.7043,139.695975,office,2023-01-08 17:20:00,poi_0026
user_0005,35.712152,139.691797,subway,2023-01-08 19:00:00,poi_0013
user_0005,35.732628,139.710098,convenience store,2023-01-08 22:20:00,poi_0041
user_0005,35.695041,139.720385,subway,2023-01-09 07:30:00,poi_0015
user_0005,35.693991,139.720171,subway,2023-01-09 07:50:00,poi_0015
user_0005,35.691054,139.695929,office,2023-01-09 09:50:00,poi_0024
user_0005,35.714436,139.696425,cafe,2023-01-09 12:10:00,poi_0005
user_0005,35.714928,139.696477,cafe,2023-01-09 12:50:00,poi_0005
user_0005,35.705971,139.695728,office,2023-01-09 15:00:00,poi_0026
user_0005,35.730138,139.672846,workplace,2023-01-09 16:50:00,poi_0049
user_0005,35.711569,139.692143,subway,2023-01-09 18:10:00,poi_0013
user_0005,35.725896,139.670488,residential,2023-01-09 22:40:00,poi_0018
user_0005,35.732539,139.710935,convenience store,2023-01-09 22:50:00,poi_0041
user_0005,35.696651,139.720811,subway,2023-01-10 07:50:00,poi_0015
user_0005,35.674819,139.694222,office,2023-01-10 09:10:00,poi_0048
user_0005,35.675718,139.693011,office,2023-01-10 09:20:00,poi_0048
user_0005,35.675401,139.69329,office,2023-01-10 10:10:00,poi_0048
user_0005,35.681045,139.698989,convenience store,2023-01-10 12:00:00,poi_0007
user_0005,35.657846,139.701181,restaurant,2023-01-10 12:20:00,poi_0045
user_0005,35.658236,139.7007,restaurant,2023-01-10 12:30:00,poi_0045
user_0005,35.67591,139.693819,office,2023-01-10 14:00:00,poi_0048
user_0005,35.689113,139.69117,train station,2023-01-10 18:40:00,poi_0012
user_0005,35.690232,139.691825,train station,2023-01-10 18:50:00,poi_0012
user_0005,35.692791,139.70095,convenience store,2023-01-10 20:20:00,poi_0006
user_0006,35.712347,139.692581,subway,2023-01-01 08:10:00,poi_0013
user_0006,35.693904,139.711307,library,2023-01-01 10:40:00,poi_0034
user_0006,35.695122,139.710133,library,2023-01-01 11:10:00,poi_0034
user_0006,35.698102,139.710933,cafe,2023-01-01 12:10:00,poi_0001
user_0006,35.698196,139.710731,cafe,2023-01-01 12:30:00,poi_0001
user_0006,35.697551,139.710881,cafe,2023-01-01 12:40:00,poi_0001
user_0006,35.694133,139.711338,library,2023-01-01 13:20:00,poi_0034
user_0006,35.695176,139.710849,library,2023-01-01 15:40:00,poi_0034
user_0006,35.694933,139.711209,library,2023-01-01 15:40:00,poi_0034
user_0006,35.693479,139.702379,convenience store,2023-01-01 17:00:00,poi_0006
user_0006,35.667961,139.696145,convenience store,2023-01-01 17:10:00,poi_0038
user_0006,35.65874,139.71795,apartment,2023-01-01 19:40:00,poi_0017
user_0006,35.696867,139.709947,cafe,2023-01-01 20:30:00,poi_0001
user_0006,35.712253,139.692099,subway,2023-01-02 08:10:00,poi_0013
user_0006,35.712201,139.692935,subway,2023-01-02 08:20:00,poi_0013
user_0006,35.711264,139.691289,subway,2023-01-02 08:30:00,poi_0013
user_0006,35.693319,139.710535,library,2023-01-02 10:30:00,poi_0034
user_0006,35.697148,139.710605,cafe,2023-01-02 12:30:00,poi_0001
user_0006,35.697595,139.711445,cafe,2023-01-02 12:50:00,poi_0001
user_0006,35.708811,139.733162,library,2023-01-02 13:10:00,poi_0057
user_0006,35.709428,139.732963,library,2023-01-02 16:20:00,poi_0057
user_0006,35.699823,139.701729,park,2023-01-02 17:30:00,poi_0021
user_0006,35.716829,139.730162,apartment,2023-01-02 21:20:00,poi_0020
user_0006,35.694729,139.72093,subway,2023-01-03 08:10:00,poi_0015
user_0006,35.694793,139.710216,library,2023-01-03 09:00:00,poi_0034
user_0006,35.694747,139.711801,library,2023-01-03 11:30:00,poi_0034
user_0006,35.697554,139.710442,cafe,2023-01-03 12:10:00,poi_0001
user_0006,35.697955,139.710473,cafe,2023-01-03 12:30:00,poi_0001
user_0006,35.694726,139.711005,library,2023-01-03 15:30:00,poi_0034
user_0006,35.694447,139.710527,library,2023-01-03 16:50:00,poi_0034
user_0006,35.692687,139.701733,convenience store,2023-01-03 17:10:00,poi_0006
user_0006,35.692949,139.701104,convenience store,2023-01-03 18:30:00,poi_0006
user_0006,35.692929,139.702189,convenience store,2023-01-03 18:50:00,poi_0006
user_0006,35.64522,139.726832,apartment,2023-01-03 22:00:00,poi_0047
user_0006,35.694608,139.720764,subway,2023-01-04 08:40:00,poi_0015
user_0006,35.71161,139.692664,subway,2023-01-04 08:50:00,poi_0013
user_0006,35.711715,139.69074,subway,2023-01-04 08:50:00,poi_0013
user_0006,35.693806,139.711251,library,2023-01-04 09:00:00,poi_0034
user_0006,35.694034,139.710244,library,2023-01-04 10:40:00,poi_0034
user_0006,35.694086,139.7106,library,2023-01-04 11:20:00,poi_0034
user_0006,35.698293,139.710189,cafe,2023-01-04 12:10:00,poi_0001
user_0006,35.69733,139.709954,cafe,2023-01-04 12:20:00,poi_0001
user_0006,35.694022,139.709989,library,2023-01-04 14:00:00,poi_0034
user_0006,35.692545,139.702344,convenience store,2023-01-04 18:30:00,poi_0006
user_0006,35.697732,139.710087,cafe,2023-01-04 22:40:00,poi_0001
user_0006,35.695545,139.719638,subway,2023-01-05 08:00:00,poi_0015
user_0006,35.69517,139.720352,subway,2023-01-05 08:50:00,poi_0015
user_0006,35.694168,139.710659,library,2023-01-05 10:10:00,poi_0034
user_0006,35.697318,139.709777,cafe,2023-01-05 12:10:00,poi_0001
user_0006,35.70907,139.682669,restaurant,2023-01-05 12:50:00,poi_0003
user_0006,35.736595,139.66801,university,2023-01-05 13:00:00,poi_0051
user_0006,35.737407,139.66872,university,2023-01-05 16:00:00,poi_0051
user_0006,35.729289,139.681652,convenience store,2023-01-05 17:50:00,poi_0039
user_0006,35.725576,139.670764,residential,2023-01-05 20:10:00,poi_0018
user_0006,35.724997,139.670491,residential,2023-01-05 21:40:00,poi_0018
user_0006,35.695382,139.719559,subway,2023-01-06 08:20:00,poi_0015
user_0006,35.694382,139.710789,library,2023-01-06 09:20:00,poi_0034
user_0006,35.694423,139.710067,library,2023-01-06 09:50:00,poi_0034
user_0006,35.693684,139.702151,convenience store,2023-01-06 12:30:00,poi_0006
user_0006,35.693518,139.701495,convenience store,2023-01-06 12:30:00,poi_0006
user_0006,35.694104,139.711373,library,2023-01-06 13:10:00,poi_0034
user_0006,35.694633,139.711052,library,2023-01-06 14:00:00,poi_0034
user_0006,35.693342,139.701328,convenience store,2023-01-06 17:10:00,poi_0006
user_0006,35.652553,139.732118,residential,2023-01-06 19:10:00,poi_0050
user_0006,35.645074,139.726919,apartment,2023-01-06 19:50:00,poi_0047
user_0006,35.644629,139.727683,apartment,2023-01-06 21:20:00,poi_0047
user_0006,35.694421,139.720116,subway,2023-01-07 08:30:00,poi_0015
user_0006,35.695516,139.710293,library,2023-01-07 09:30:00,poi_0034
user_0006,35.709729,139.720007,school,2023-01-07 09:30:00,poi_0033
user_0006,35.709811,139.720841,school,2023-01-07 10:50:00,poi_0033
user_0006,35.697047,139.711132,cafe,2023-01-07 12:50:00,poi_0001
user_0006,35.693829,139.710691,library,2023-01-07 13:20:00,poi_0034
user_0006,35.693316,139.701131,convenience store,2023-01-07 17:50:00,poi_0006
user_0006,35.692704,139.702061,convenience store,2023-01-07 18:00:00,poi_0006
user_0006,35.697451,139.709219,cafe,2023-01-07 21:20:00,poi_0001
user_0006,35.71257,139.691186,subway,2023-01-08 08:30:00,poi_0013
user_0006,35.693675,139.710177,library,2023-01-08 10:00:00,poi_0034
user_0006,35.693615,139.710821,library,2023-01-08 10:30:00,poi_0034
user_0006,35.697944,139.709874,cafe,2023-01-08 12:00:00,poi_0001
user_0006,35.696998,139.710463,cafe,2023-01-08 12:20:00,poi_0001
user_0006,35.696923,139.711158,cafe,2023-01-08 12:40:00,poi_0001
user_0006,35.694109,139.71021,library,2023-01-08 14:10:00,poi_0034
user_0006,35.709277,139.720737,school,2023-01-08 16:30:00,poi_0033
user_0006,35.699417,139.702263,park,2023-01-08 17:30:00,poi_0021
user_0006,35.699982,139.701784,park,2023-01-08 18:30:00,poi_0021
user_0006,35.697436,139.710224,cafe,2023-01-08 20:30:00,poi_0001
user_0006,35.718057,139.730141,apartment,2023-01-08 22:30:00,poi_0020
user_0006,35.697859,139.711307,cafe,2023-01-08 22:40:00,poi_0001
user_0006,35.695226,139.720218,subway,2023-01-09 08:50:00,poi_0015
user_0006,35.693694,139.710536,library,2023-01-09 09:50:00,poi_0034
user_0006,35.720482,139.725834,university,2023-01-09 10:10:00,poi_0032
user_0006,35.732223,139.710472,convenience store,2023-01-09 12:10:00,poi_0041
user_0006,35.693152,139.701047,convenience store,2023-01-09 12:50:00,poi_0006
user_0006,35.694712,139.709733,library,2023-01-09 13:00:00,poi_0034
user_0006,35.694248,139.710775,library,2023-01-09 14:30:00,poi_0034
user_0006,35.692161,139.701728,convenience store,2023-01-09 17:30:00,poi_0006
user_0006,35.697806,139.711198,cafe,2023-01-09 19:00:00,poi_0001
user_0006,35.696459,139.709649,cafe,2023-01-09 21:00:00,poi_0001
user_0006,35.724733,139.670705,residential,2023-01-09 22:50:00,poi_0018
user_0006,35.694873,139.720759,subway,2023-01-10 08:10:00,poi_0015
user_0006,35.695016,139.720154,subway,2023-01-10 08:20:00,poi_0015
user_0006,35.694029,139.711167,library,2023-01-10 10:30:00,poi_0034
user_0006,35.693976,139.710769,library,2023-01-10 11:20:00,poi_0034
user_0006,35.694061,139.711144,library,2023-01-10 11:40:00,poi_0034
user_0006,35.697399,139.710573,cafe,2023-01-10 12:00:00,poi_0001
user_0006,35.731179,139.690257,restaurant,2023-01-10 12:10:00,poi_0046
user_0006,35.731643,139.689971,restaurant,2023-01-10 12:10:00,poi_0046
user_0006,35.736882,139.668659,university,2023-01-10 14:00:00,poi_0051
user_0006,35.70941,139.732225,library,2023-01-10 16:50:00,poi_0057
user_0006,35.698439,139.702699,park,2023-01-10 17:20:00,poi_0021
user_0006,35.699519,139.702809,park,2023-01-10 18:00:00,poi_0021
user_0006,35.699225,139.70237,park,2023-01-10 18:20:00,poi_0021
user_0006,35.697693,139.70961,cafe,2023-01-10 19:30:00,poi_0001
user_0006,35.697196,139.709993,cafe,2023-01-10 22:00:00,poi_0001
user_0007,35.650453,139.675262,residential,2023-01-01 10:10:00,poi_0019
user_0007,35.65008,139.676637,residential,2023-01-01 10:40:00,poi_0019
user_0007,35.653958,139.66634,convenience store,2023-01-01 11:10:00,poi_0040
user_0007,35.654328,139.666923,convenience store,2023-01-01 13:40:00,poi_0040
user_0007,35.658801,139.71783,apartment,2023-01-01 14:10:00,poi_0017
user_0007,35.657597,139.717116,apartment,2023-01-01 15:10:00,poi_0017
user_0007,35.658263,139.718301,apartment,2023-01-01 15:40:00,poi_0017
user_0007,35.659017,139.700557,restaurant,2023-01-01 19:00:00,poi_0045
user_0007,35.658802,139.71841,apartment,2023-01-01 21:00:00,poi_0017
user_0007,35.65368,139.732178,residential,2023-01-02 10:10:00,poi_0050
user_0007,35.652028,139.732555,residential,2023-01-02 10:30:00,poi_0050
user_0007,35.653417,139.731893,residential,2023-01-02 10:40:00,poi_0050
user_0007,35.654051,139.667106,convenience store,2023-01-02 11:00:00,poi_0040
user_0007,35.653783,139.667175,convenience store,2023-01-02 12:20:00,poi_0040
user_0007,35.64992,139.675689,residential,2023-01-02 14:30:00,poi_0019
user_0007,35.651515,139.676043,residential,2023-01-02 15:10:00,poi_0019
user_0007,35.658036,139.701484,restaurant,2023-01-02 19:10:00,poi_0045
user_0007,35.710412,139.681419,restaurant,2023-01-02 20:00:00,poi_0003
user_0007,35.652797,139.73202,residential,2023-01-02 21:20:00,poi_0050
user_0007,35.726624,139.706086,apartment,2023-01-03 10:00:00,poi_0016
user_0007,35.654088,139.732053,residential,2023-01-03 10:10:00,poi_0050
user_0007,35.652939,139.731781,residential,2023-01-03 10:40:00,poi_0050
user_0007,35.658666,139.700458,restaurant,2023-01-03 13:40:00,poi_0045
user_0007,35.658856,139.717843,apartment,2023-01-03 15:40:00,poi_0017
user_0007,35.659107,139.700624,restaurant,2023-01-03 17:30:00,poi_0045
user_0007,35.657892,139.700504,restaurant,2023-01-03 17:50:00,poi_0045
user_0007,35.674397,139.70361,restaurant,2023-01-03 19:50:00,poi_0004
user_0007,35.658845,139.717782,apartment,2023-01-03 21:10:00,poi_0017
user_0007,35.658534,139.718182,apartment,2023-01-03 21:30:00,poi_0017
user_0007,35.658463,139.717175,apartment,2023-01-03 22:10:00,poi_0017
user_0007,35.727186,139.707215,apartment,2023-01-04 10:30:00,poi_0016
user_0007,35.732864,139.710746,convenience store,2023-01-04 11:00:00,poi_0041
user_0007,35.731438,139.710663,convenience store,2023-01-04 12:00:00,poi_0041
user_0007,35.725555,139.706462,apartment,2023-01-04 14:10:00,poi_0016
user_0007,35.727751,139.706376,apartment,2023-01-04 14:20:00,poi_0016
user_0007,35.652866,139.732685,residential,2023-01-04 15:00:00,poi_0050
user_0007,35.65921,139.699747,restaurant,2023-01-04 18:40:00,poi_0045
user_0007,35.659051,139.701144,restaurant,2023-01-04 20:00:00,poi_0045
user_0007,35.657844,139.716865,apartment,2023-01-04 21:40:00,poi_0017
user_0007,35.65871,139.717284,apartment,2023-01-04 22:50:00,poi_0017
user_0007,35.726146,139.706735,apartment,2023-01-05 10:20:00,poi_0016
user_0007,35.645631,139.726883,apartment,2023-01-05 10:20:00,poi_0047
user_0007,35.675158,139.704483,restaurant,2023-01-05 13:50:00,poi_0004
user_0007,35.657919,139.717017,apartment,2023-01-05 16:20:00,poi_0017
user_0007,35.659253,139.716793,apartment,2023-01-05 16:50:00,poi_0017
user_0007,35.701766,139.696177,ramen restaurant,2023-01-05 17:30:00,poi_0000
user_0007,35.701312,139.696462,ramen restaurant,2023-01-05 19:00:00,poi_0000
user_0007,35.658657,139.699941,restaurant,2023-01-05 20:40:00,poi_0045
user_0007,35.657816,139.717464,apartment,2023-01-05 21:20:00,poi_0017
user_0007,35.658385,139.717255,apartment,2023-01-05 22:20:00,poi_0017
user_0007,35.658364,139.717135,apartment,2023-01-05 22:50:00,poi_0017
user_0007,35.727424,139.705855,apartment,2023-01-06 10:00:00,poi_0016
user_0007,35.726579,139.706101,apartment,2023-01-06 10:30:00,poi_0016
user_0007,35.72524,139.671804,residential,2023-01-06 10:50:00,poi_0018
user_0007,35.729114,139.682051,convenience store,2023-01-06 13:00:00,poi_0039
user_0007,35.725337,139.669964,residential,2023-01-06 14:20:00,poi_0018
user_0007,35.709104,139.681445,restaurant,2023-01-06 18:20:00,poi_0003
user_0007,35.709288,139.681767,restaurant,2023-01-06 18:50:00,poi_0003
user_0007,35.724613,139.670058,residential,2023-01-06 22:40:00,poi_0018
user_0007,35.726569,139.705637,apartment,2023-01-07 10:30:00,poi_0016
user_0007,35.7273,139.705273,apartment,2023-01-07 10:50:00,poi_0016
user_0007,35.731938,139.710741,convenience store,2023-01-07 12:20:00,poi_0041
user_0007,35.710432,139.681854,restaurant,2023-01-07 13:20:00,poi_0003
user_0007,35.724565,139.669813,residential,2023-01-07 15:20:00,poi_0018
user_0007,35.710296,139.681082,restaurant,2023-01-07 18:30:00,poi_0003
user_0007,35.731732,139.690455,restaurant,2023-01-07 19:10:00,poi_0046
user_0007,35.732215,139.691755,restaurant,2023-01-07 19:50:00,poi_0046
user_0007,35.658535,139.717342,apartment,2023-01-07 21:20:00,poi_0017
user_0007,35.659438,139.717152,apartment,2023-01-07 21:50:00,poi_0017
user_0007,35.7262,139.705044,apartment,2023-01-08 10:00:00,poi_0016
user_0007,35.726265,139.706098,apartment,2023-01-08 10:40:00,poi_0016
user_0007,35.727757,139.705715,apartment,2023-01-08 10:50:00,poi_0016
user_0007,35.733083,139.711433,convenience store,2023-01-08 11:40:00,poi_0041
user_0007,35.732284,139.710047,convenience store,2023-01-08 13:10:00,poi_0041
user_0007,35.726285,139.705607,apartment,2023-01-08 15:30:00,poi_0016
user_0007,35.726513,139.706367,apartment,2023-01-08 16:00:00,poi_0016
user_0007,35.731112,139.691093,restaurant,2023-01-08 18:50:00,poi_0046
user_0007,35.71018,139.680908,restaurant,2023-01-08 20:20:00,poi_0003
user_0007,35.645473,139.727417,apartment,2023-01-08 22:30:00,poi_0047
user_0007,35.644982,139.727698,apartment,2023-01-08 22:30:00,poi_0047
user_0007,35.726366,139.705496,apartment,2023-01-09 10:10:00,poi_0016
user_0007,35.716769,139.729486,apartment,2023-01-09 10:30:00,poi_0020
user_0007,35.716693,139.729817,apartment,2023-01-09 10:40:00,poi_0020
user_0007,35.732936,139.710662,convenience store,2023-01-09 11:00:00,poi_0041
user_0007,35.732917,139.71141,convenience store,2023-01-09 12:10:00,poi_0041
user_0007,35.732572,139.710988,convenience store,2023-01-09 12:40:00,poi_0041
user_0007,35.658587,139.717448,apartment,2023-01-09 16:50:00,poi_0017
user_0007,35.731444,139.690554,restaurant,2023-01-09 17:20:00,poi_0046
user_0007,35.731316,139.691073,restaurant,2023-01-09 19:30:00,poi_0046
user_0007,35.726498,139.706445,apartment,2023-01-09 21:30:00,poi_0016
user_0007,35.64516,139.727666,apartment,2023-01-09 22:20:00,poi_0047
user_0007,35.645397,139.727777,apartment,2023-01-09 22:20:00,poi_0047
user_0007,35.645283,139.726618,apartment,2023-01-10 10:10:00,poi_0047
user_0007,35.645379,139.726751,apartment,2023-01-10 10:50:00,poi_0047
user_0007,35.658453,139.7003,restaurant,2023-01-10 11:40:00,poi_0045
user_0007,35.6581,139.700551,restaurant,2023-01-10 12:10:00,poi_0045
user_0007,35.658338,139.700501,restaurant,2023-01-10 12:50:00,poi_0045
user_0007,35.658716,139.717521,apartment,2023-01-10 14:00:00,poi_0017
user_0007,35.718516,139.729771,apartment,2023-01-10 15:00:00,poi_0020
user_0007,35.717109,139.728912,apartment,2023-01-10 15:20:00,poi_0020
user_0007,35.708594,139.681234,restaurant,2023-01-10 17:10:00,poi_0003
user_0007,35.709899,139.681146,restaurant,2023-01-10 18:30:00,poi_0003
user_0007,35.709451,139.681697,restaurant,2023-01-10 19:20:00,poi_0003
user_0007,35.724939,139.67075,residential,2023-01-10 22:20:00,poi_0018
user_0008,35.690719,139.691763,train station,2023-01-01 08:30:00,poi_0012
user_0008,35.689671,139.690586,train station,2023-01-01 08:50:00,poi_0012
user_0008,35.692677,139.702815,convenience store,2023-01-01 09:40:00,poi_0006
user_0008,35.707524,139.711484,supermarket,2023-01-01 18:40:00,poi_0009
user_0008,35.727909,139.706384,apartment,2023-01-01 21:30:00,poi_0016
user_0008,35.725668,139.705987,apartment,2023-01-01 22:10:00,poi_0016
user_0008,35.727478,139.705924,apartment,2023-01-01 22:10:00,poi_0016
user_0008,35.689959,139.690703,train station,2023-01-02 08:40:00,poi_0012
user_0008,35.692757,139.700504,convenience store,2023-01-02 10:40:00,poi_0006
user_0008,35.680756,139.698396,convenience store,2023-01-02 12:30:00,poi_0007
user_0008,35.680657,139.698871,convenience store,2023-01-02 16:10:00,poi_0007
user_0008,35.659424,139.700991,restaurant,2023-01-02 18:20:00,poi_0045
user_0008,35.658224,139.717822,apartment,2023-01-02 21:30:00,poi_0017
user_0008,35.658624,139.717613,apartment,2023-01-02 21:40:00,poi_0017
user_0008,35.690314,139.691274,train station,2023-01-03 08:00:00,poi_0012
user_0008,35.690185,139.692196,train station,2023-01-03 08:30:00,poi_0012
user_0008,35.690148,139.69258,train station,2023-01-03 08:40:00,poi_0012
user_0008,35.692892,139.701754,convenience store,2023-01-03 09:30:00,poi_0006
user_0008,35.693342,139.701211,convenience store,2023-01-03 15:40:00,poi_0006
user_0008,35.731023,139.689682,restaurant,2023-01-03 18:10:00,poi_0046
user_0008,35.731969,139.690494,restaurant,2023-01-03 18:30:00,poi_0046
user_0008,35.731325,139.690468,restaurant,2023-01-03 19:20:00,poi_0046
user_0008,35.645116,139.72751,apartment,2023-01-03 20:20:00,poi_0047
user_0008,35.645108,139.727058,apartment,2023-01-03 20:50:00,poi_0047
user_0008,35.64557,139.726798,apartment,2023-01-03 21:10:00,poi_0047
user_0008,35.691063,139.690526,train station,2023-01-04 08:40:00,poi_0012
user_0008,35.693156,139.702143,convenience store,2023-01-04 10:10:00,poi_0006
user_0008,35.693605,139.70167,convenience store,2023-01-04 13:50:00,poi_0006
user_0008,35.693197,139.702219,convenience store,2023-01-04 16:50:00,poi_0006
user_0008,35.707098,139.711634,supermarket,2023-01-04 19:50:00,poi_0009
user_0008,35.726051,139.705723,apartment,2023-01-04 21:10:00,poi_0016
user_0008,35.65896,139.717587,apartment,2023-01-04 22:20:00,poi_0017
user_0008,35.65855,139.717042,apartment,2023-01-04 22:50:00,poi_0017
user_0008,35.671823,139.678696,bus stop,2023-01-05 08:00:00,poi_0014
user_0008,35.671987,139.678488,bus stop,2023-01-05 08:40:00,poi_0014
user_0008,35.669945,139.686285,mall,2023-01-05 10:20:00,poi_0010
user_0008,35.670118,139.68529,mall,2023-01-05 11:20:00,poi_0010
user_0008,35.67068,139.685375,mall,2023-01-05 13:40:00,poi_0010
user_0008,35.674661,139.703905,restaurant,2023-01-05 19:10:00,poi_0004
user_0008,35.657734,139.700744,restaurant,2023-01-05 19:30:00,poi_0045
user_0008,35.71737,139.728994,apartment,2023-01-05 20:50:00,poi_0020
user_0008,35.716912,139.729373,apartment,2023-01-05 21:40:00,poi_0020
user_0008,35.690385,139.691184,train station,2023-01-06 08:00:00,poi_0012
user_0008,35.689782,139.691197,train station,2023-01-06 08:10:00,poi_0012
user_0008,35.690322,139.690886,train station,2023-01-06 08:40:00,poi_0012
user_0008,35.670475,139.685431,mall,2023-01-06 09:40:00,poi_0010
user_0008,35.670325,139.686298,mall,2023-01-06 12:40:00,poi_0010
user_0008,35.710532,139.681612,restaurant,2023-01-06 18:40:00,poi_0003
user_0008,35.710527,139.681293,restaurant,2023-01-06 19:00:00,poi_0003
user_0008,35.725499,139.671127,residential,2023-01-06 21:00:00,poi_0018
user_0008,35.724622,139.669701,residential,2023-01-06 22:20:00,poi_0018
user_0008,35.689608,139.691973,train station,2023-01-07 08:10:00,poi_0012
user_0008,35.69065,139.690452,train station,2023-01-07 08:20:00,poi_0012
user_0008,35.69077,139.691096,train station,2023-01-07 08:50:00,poi_0012
user_0008,35.693102,139.702091,convenience store,2023-01-07 10:10:00,poi_0006
user_0008,35.707842,139.710923,supermarket,2023-01-07 18:40:00,poi_0009
user_0008,35.726539,139.706139,apartment,2023-01-07 20:20:00,poi_0016
user_0008,35.726933,139.706001,apartment,2023-01-07 21:20:00,poi_0016
user_0008,35.690746,139.692057,train station,2023-01-08 08:00:00,poi_0012
user_0008,35.693141,139.702126,convenience store,2023-01-08 11:30:00,poi_0006
user_0008,35.708125,139.711036,supermarket,2023-01-08 19:10:00,poi_0009
user_0008,35.709974,139.682101,restaurant,2023-01-08 19:10:00,poi_0003
user_0008,35.724929,139.670629,residential,2023-01-08 20:40:00,poi_0018
user_0008,35.725241,139.669787,residential,2023-01-08 22:00:00,poi_0018
user_0008,35.690968,139.691143,train station,2023-01-09 08:10:00,poi_0012
user_0008,35.690181,139.691643,train station,2023-01-09 08:10:00,poi_0012
user_0008,35.689289,139.691303,train station,2023-01-09 08:40:00,poi_0012
user_0008,35.693708,139.701419,convenience store,2023-01-09 10:30:00,poi_0006
user_0008,35.722443,139.686677,retail,2023-01-09 11:30:00,poi_0043
user_0008,35.723158,139.687179,retail,2023-01-09 16:00:00,poi_0043
user_0008,35.731415,139.690199,restaurant,2023-01-09 19:50:00,poi_0046
user_0008,35.726996,139.706986,apartment,2023-01-09 20:10:00,poi_0016
user_0008,35.649814,139.676427,residential,2023-01-09 22:50:00,poi_0019
user_0008,35.690013,139.691511,train station,2023-01-10 08:00:00,poi_0012
user_0008,35.671771,139.678224,bus stop,2023-01-10 08:20:00,poi_0014
user_0008,35.673106,139.678615,bus stop,2023-01-10 08:30:00,poi_0014
user_0008,35.67076,139.685279,mall,2023-01-10 17:50:00,poi_0010
user_0008,35.674692,139.704416,restaurant,2023-01-10 18:40:00,poi_0004
user_0008,35.674605,139.703401,restaurant,2023-01-10 18:50:00,poi_0004
user_0008,35.674162,139.704562,restaurant,2023-01-10 19:40:00,poi_0004
user_0008,35.658291,139.717465,apartment,2023-01-10 21:40:00,poi_0017
user_0009,35.732735,139.71012,convenience store,2023-01-01 02:00:00,poi_0041
user_0009,35.732824,139.710428,convenience store,2023-01-01 02:30:00,poi_0041
user_0009,35.700227,139.678362,convenience store,2023-01-01 08:50:00,poi_0008
user_0009,35.725085,139.670196,residential,2023-01-01 14:40:00,poi_0018
user_0009,35.727192,139.705216,apartment,2023-01-01 15:10:00,poi_0016
user_0009,35.7321,139.690828,restaurant,2023-01-01 17:10:00,poi_0046
user_0009,35.732253,139.690805,restaurant,2023-01-01 17:50:00,poi_0046
user_0009,35.705916,139.698513,entertainment,2023-01-01 20:30:00,poi_0031
user_0009,35.677796,139.711635,park,2023-01-01 20:40:00,poi_0022
user_0009,35.684166,139.699812,office,2023-01-01 23:40:00,poi_0025
user_0009,35.732298,139.710582,convenience store,2023-01-02 06:40:00,poi_0041
user_0009,35.73266,139.71063,convenience store,2023-01-02 09:20:00,poi_0041
user_0009,35.652492,139.732255,residential,2023-01-02 10:40:00,poi_0050
user_0009,35.660917,139.706928,supermarket,2023-01-02 16:20:00,poi_0042
user_0009,35.66073,139.708035,supermarket,2023-01-02 17:10:00,poi_0042
user_0009,35.67788,139.711846,park,2023-01-02 19:20:00,poi_0022
user_0009,35.659364,139.671345,park,2023-01-02 19:20:00,poi_0059
user_0009,35.658502,139.671123,park,2023-01-02 21:20:00,poi_0059
user_0009,35.675697,139.694291,office,2023-01-02 22:10:00,poi_0048
user_0009,35.703803,139.694815,office,2023-01-02 23:40:00,poi_0026
user_0009,35.728916,139.673483,workplace,2023-01-03 02:00:00,poi_0049
user_0009,35.729698,139.673384,workplace,2023-01-03 04:00:00,poi_0049
user_0009,35.728382,139.672146,workplace,2023-01-03 06:30:00,poi_0049
user_0009,35.730009,139.682282,convenience store,2023-01-03 08:20:00,poi_0039
user_0009,35.729616,139.682121,convenience store,2023-01-03 09:20:00,poi_0039
user_0009,35.729002,139.681626,convenience store,2023-01-03 09:40:00,poi_0039
user_0009,35.65021,139.676021,residential,2023-01-03 14:40:00,poi_0019
user_0009,35.659081,139.700278,restaurant,2023-01-03 16:20:00,poi_0045
user_0009,35.658492,139.699582,restaurant,2023-01-03 16:30:00,poi_0045
user_0009,35.658696,139.700955,restaurant,2023-01-03 17:30:00,poi_0045
user_0009,35.678796,139.711689,park,2023-01-03 18:30:00,poi_0022
user_0009,35.677496,139.711493,park,2023-01-03 19:30:00,poi_0022
user_0009,35.678692,139.712201,park,2023-01-03 21:10:00,poi_0022
user_0009,35.676121,139.693243,office,2023-01-03 22:40:00,poi_0048
user_0009,35.67566,139.694018,office,2023-01-03 23:00:00,poi_0048
user_0009,35.676572,139.693969,office,2023-01-03 23:50:00,poi_0048
user_0009,35.732061,139.711089,convenience store,2023-01-04 00:10:00,poi_0041
user_0009,35.733425,139.710504,convenience store,2023-01-04 04:30:00,poi_0041
user_0009,35.732435,139.710184,convenience store,2023-01-04 08:40:00,poi_0041
user_0009,35.732017,139.711378,convenience store,2023-01-04 09:20:00,poi_0041
user_0009,35.726727,139.707345,apartment,2023-01-04 14:40:00,poi_0016
user_0009,35.731965,139.691442,restaurant,2023-01-04 16:20:00,poi_0046
user_0009,35.732021,139.690368,restaurant,2023-01-04 16:40:00,poi_0046
user_0009,35.705757,139.699003,entertainment,2023-01-04 20:20:00,poi_0031
user_0009,35.704297,139.696566,office,2023-01-04 23:30:00,poi_0026
user_0009,35.676261,139.694401,office,2023-01-05 01:10:00,poi_0048
user_0009,35.674081,139.693674,office,2023-01-05 01:40:00,poi_0048
user_0009,35.680383,139.698717,convenience store,2023-01-05 09:00:00,poi_0007
user_0009,35.692542,139.702267,convenience store,2023-01-05 09:00:00,poi_0006
user_0009,35.693379,139.701287,convenience store,2023-01-05 09:30:00,poi_0006
user_0009,35.726472,139.706584,apartment,2023-01-05 10:40:00,poi_0016
user_0009,35.725416,139.670513,residential,2023-01-05 12:50:00,poi_0018
user_0009,35.71762,139.730028,apartment,2023-01-05 13:50:00,poi_0020
user_0009,35.70727,139.712126,supermarket,2023-01-05 16:20:00,poi_0009
user_0009,35.661309,139.706803,supermarket,2023-01-05 17:00:00,poi_0042
user_0009,35.660743,139.70691,supermarket,2023-01-05 17:30:00,poi_0042
user_0009,35.701661,139.688447,cinema,2023-01-05 20:40:00,poi_0028
user_0009,35.704439,139.696342,office,2023-01-05 23:40:00,poi_0026
user_0009,35.704149,139.696417,office,2023-01-05 23:50:00,poi_0026
user_0009,35.732968,139.710257,convenience store,2023-01-06 02:10:00,poi_0041
user_0009,35.733164,139.710507,convenience store,2023-01-06 03:20:00,poi_0041
user_0009,35.733457,139.710735,convenience store,2023-01-06 07:30:00,poi_0041
user_0009,35.726996,139.706295,apartment,2023-01-06 08:30:00,poi_0016
user_0009,35.727336,139.705658,apartment,2023-01-06 09:20:00,poi_0016
user_0009,35.726201,139.706606,apartment,2023-01-06 09:30:00,poi_0016
user_0009,35.727289,139.706697,apartment,2023-01-06 10:50:00,poi_0016
user_0009,35.731624,139.691375,restaurant,2023-01-06 16:20:00,poi_0046
user_0009,35.731838,139.690587,restaurant,2023-01-06 16:30:00,poi_0046
user_0009,35.704734,139.699371,entertainment,2023-01-06 19:30:00,poi_0031
user_0009,35.706001,139.699705,entertainment,2023-01-06 21:40:00,poi_0031
user_0009,35.659353,139.671941,park,2023-01-06 21:50:00,poi_0059
user_0009,35.67502,139.693565,office,2023-01-06 23:20:00,poi_0048
user_0009,35.67537,139.69418,office,2023-01-06 23:30:00,poi_0048
user_0009,35.696498,139.703083,workplace,2023-01-06 23:50:00,poi_0027
user_0009,35.731825,139.710495,convenience store,2023-01-07 02:30:00,poi_0041
user_0009,35.731915,139.710451,convenience store,2023-01-07 08:40:00,poi_0041
user_0009,35.726503,139.706269,apartment,2023-01-07 12:30:00,poi_0016
user_0009,35.727363,139.706115,apartment,2023-01-07 14:00:00,poi_0016
user_0009,35.731775,139.691481,restaurant,2023-01-07 17:10:00,poi_0046
user_0009,35.731941,139.690378,restaurant,2023-01-07 17:50:00,poi_0046
user_0009,35.705185,139.699075,entertainment,2023-01-07 19:40:00,poi_0031
user_0009,35.703883,139.695541,office,2023-01-07 23:20:00,poi_0026
user_0009,35.704322,139.69621,office,2023-01-07 23:20:00,poi_0026
user_0009,35.704674,139.696388,office,2023-01-07 23:40:00,poi_0026
user_0009,35.732697,139.710709,convenience store,2023-01-08 02:10:00,poi_0041
user_0009,35.732346,139.710548,convenience store,2023-01-08 05:50:00,poi_0041
user_0009,35.732484,139.709831,convenience store,2023-01-08 08:30:00,poi_0041
user_0009,35.726423,139.706111,apartment,2023-01-08 10:40:00,poi_0016
user_0009,35.73124,139.691248,restaurant,2023-01-08 17:40:00,poi_0046
user_0009,35.732504,139.691091,restaurant,2023-01-08 17:40:00,poi_0046
user_0009,35.705589,139.69956,entertainment,2023-01-08 18:10:00,poi_0031
user_0009,35.704635,139.69518,office,2023-01-08 22:20:00,poi_0026
user_0009,35.696753,139.702065,workplace,2023-01-09 06:30:00,poi_0027
user_0009,35.679356,139.698497,convenience store,2023-01-09 08:00:00,poi_0007
user_0009,35.680581,139.698292,convenience store,2023-01-09 08:20:00,poi_0007
user_0009,35.680661,139.698579,convenience store,2023-01-09 08:50:00,poi_0007
user_0009,35.658441,139.718027,apartment,2023-01-09 11:00:00,poi_0017
user_0009,35.657911,139.71641,apartment,2023-01-09 12:00:00,poi_0017
user_0009,35.658504,139.717611,apartment,2023-01-09 14:20:00,poi_0017
user_0009,35.660989,139.708432,supermarket,2023-01-09 16:10:00,poi_0042
user_0009,35.660654,139.706405,supermarket,2023-01-09 17:10:00,poi_0042
user_0009,35.678258,139.712233,park,2023-01-09 19:30:00,poi_0022
user_0009,35.684699,139.700463,office,2023-01-09 22:40:00,poi_0025
user_0009,35.691129,139.696242,office,2023-01-09 23:30:00,poi_0024
user_0009,35.729491,139.672437,workplace,2023-01-09 23:50:00,poi_0049
user_0009,35.732082,139.711176,convenience store,2023-01-10 01:30:00,poi_0041
user_0009,35.733418,139.71081,convenience store,2023-01-10 06:10:00,poi_0041
user_0009,35.732087,139.710363,convenience store,2023-01-10 08:30:00,poi_0041
user_0009,35.731673,139.710816,convenience store,2023-01-10 09:00:00,poi_0041
user_0009,35.732848,139.710391,convenience store,2023-01-10 09:20:00,poi_0041
user_0009,35.717401,139.72942,apartment,2023-01-10 11:10:00,poi_0020
user_0009,35.717182,139.729627,apartment,2023-01-10 12:30:00,poi_0020
user_0009,35.717952,139.728729,apartment,2023-01-10 13:50:00,poi_0020
user_0009,35.732679,139.6905,restaurant,2023-01-10 16:40:00,poi_0046
user_0009,35.706106,139.69888,entertainment,2023-01-10 20:10:00,poi_0031
user_0009,35.704718,139.696425,office,2023-01-10 22:40:00,poi_0026
user_0009,35.704384,139.695809,office,2023-01-10 22:50:00,poi_0026
